{"cameraMode":{"drawMode":0,"name":"Shaded","section":"Shading Mode"},"sceneLighting":true,"audioPlay":false,"sceneViewState":{"m_AlwaysRefresh":false,"showFog":true,"showSkybox":true,"showFlares":true,"showImageEffects":true,"showParticleSystems":true,"showVisualEffectGraphs":true,"m_FxEnabled":true},"in2DMode":false,"pivot":{"x":0.6450539827346802,"y":1.0116126537322999,"z":3.2385363578796388},"rotation":{"x":0.0010496053146198392,"y":-0.9982510805130005,"z":-0.0566483698785305,"w":-0.01754312589764595},"size":0.004074295982718468,"orthographic":false}