{"cameraMode":{"drawMode":0,"name":"Shaded","section":"Shading Mode"},"sceneLighting":true,"audioPlay":false,"sceneViewState":{"m_AlwaysRefresh":false,"showFog":true,"showSkybox":true,"showFlares":true,"showImageEffects":true,"showParticleSystems":true,"showVisualEffectGraphs":true,"m_FxEnabled":true},"in2DMode":false,"pivot":{"x":3.2758944034576418,"y":1.8635962009429932,"z":1.127004861831665},"rotation":{"x":0.22324825823307038,"y":-0.03475671634078026,"z":0.008055896498262883,"w":0.9740500450134277},"size":2.0499815940856935,"orthographic":false}