{"cameraMode":{"drawMode":0,"name":"Shaded","section":"Shading Mode"},"sceneLighting":true,"audioPlay":false,"sceneViewState":{"m_AlwaysRefresh":false,"showFog":true,"showSkybox":true,"showFlares":true,"showImageEffects":true,"showParticleSystems":true,"showVisualEffectGraphs":true,"m_FxEnabled":true},"in2DMode":false,"pivot":{"x":0.21816469728946687,"y":0.9829304218292236,"z":-2.4434080123901369},"rotation":{"x":0.06625442951917649,"y":0.006306248717010021,"z":-0.0002898341917898506,"w":0.9977144002914429},"size":1.3951362371444703,"orthographic":false}