{"cameraMode":{"drawMode":0,"name":"Shaded","section":"Shading Mode"},"sceneLighting":false,"audioPlay":false,"sceneViewState":{"m_AlwaysRefresh":false,"showFog":true,"showSkybox":false,"showFlares":true,"showImageEffects":true,"showParticleSystems":true,"showVisualEffectGraphs":true,"m_FxEnabled":true},"in2DMode":false,"pivot":{"x":-0.5619147419929504,"y":0.941673994064331,"z":1.1143214702606202},"rotation":{"x":0.03316477686166763,"y":-0.08651828020811081,"z":0.0029864918906241657,"w":0.9955896735191345},"size":1.4445672035217286,"orthographic":false}