{"cameraMode":{"drawMode":0,"name":"Shaded","section":"Shading Mode"},"sceneLighting":false,"audioPlay":false,"sceneViewState":{"m_AlwaysRefresh":false,"showFog":false,"showSkybox":false,"showFlares":false,"showImageEffects":false,"showParticleSystems":false,"showVisualEffectGraphs":true,"m_FxEnabled":true},"in2DMode":false,"pivot":{"x":-0.9983453750610352,"y":1.0340780019760132,"z":-0.16870731115341187},"rotation":{"x":-0.0007812351686879993,"y":-0.8206499218940735,"z":-0.0009079346782527864,"w":0.5712589621543884},"size":1.2455185651779175,"orthographic":false}