{"cameraMode":{"drawMode":0,"name":"Shaded","section":"Shading Mode"},"sceneLighting":false,"audioPlay":false,"sceneViewState":{"m_AlwaysRefresh":false,"showFog":false,"showSkybox":false,"showFlares":false,"showImageEffects":false,"showParticleSystems":false,"showVisualEffectGraphs":true,"m_FxEnabled":true},"in2DMode":false,"pivot":{"x":-0.25458964705467226,"y":0.28755173087120058,"z":-0.16386103630065919},"rotation":{"x":0.007807616610080004,"y":0.9920293092727661,"z":-0.07933513820171356,"w":0.09701017290353775},"size":0.9739435911178589,"orthographic":false}