{"cameraMode":{"drawMode":0,"name":"Shaded","section":"Shading Mode"},"sceneLighting":false,"audioPlay":false,"sceneViewState":{"m_AlwaysRefresh":false,"showFog":true,"showSkybox":false,"showFlares":true,"showImageEffects":true,"showParticleSystems":true,"showVisualEffectGraphs":true,"m_FxEnabled":true},"in2DMode":false,"pivot":{"x":-2.764779567718506,"y":1.378371238708496,"z":-0.47833940386772158},"rotation":{"x":-0.08493388444185257,"y":-0.05943838506937027,"z":-0.00495182815939188,"w":0.9944745898246765},"size":1.3227510452270508,"orthographic":false}