{"cameraMode":{"drawMode":0,"name":"Shaded","section":"Shading Mode"},"sceneLighting":false,"audioPlay":false,"sceneViewState":{"m_AlwaysRefresh":false,"showFog":true,"showSkybox":false,"showFlares":true,"showImageEffects":true,"showParticleSystems":true,"showVisualEffectGraphs":true,"m_FxEnabled":true},"in2DMode":false,"pivot":{"x":-3.819000244140625,"y":1.8123005628585816,"z":2.538390636444092},"rotation":{"x":0.02028503455221653,"y":-0.6138043999671936,"z":0.015948273241519929,"w":0.7889466881752014},"size":1.2879095077514649,"orthographic":false}